Workbook

Sheet conformance_test_schedule_main
A1: enabled | B1: event_id | C1: time_after_start | D1: phase | E1: event_type | F1: action | G1: event_duration_minutes | H1: advanced_value | I1: advanced_units | J1: expected_operational_states | K1: target_volume_gal | L1: expected_flow_gpm | M1: notes
A2: TRUE | B2: =IF(F2="","",IF(F2="end","test_end",F2&"_"&COUNTIF($F$2:F2,F2))) -> load_up_1 | C2: 0 | D2: pre_event | E2: =IF(F2="","",IF(F2="water_draw","water_draw",IF(F2="end","test","cta"))) -> cta | F2: load_up | G2: unknown | J2: =IFERROR(_xlfn.XLOOKUP(F2,'CTA Actions'!$A$2:$A$7,'CTA Actions'!$B$2:$B$7),"") -> 3|6
A3: TRUE | B3: =IF(F3="","",IF(F3="end","test_end",F3&"_"&COUNTIF($F$2:F3,F3))) -> run_normal_1 | C3: 0.0048611111 | D3: recovery | E3: =IF(F3="","",IF(F3="water_draw","water_draw",IF(F3="end","test","cta"))) -> cta | F3: run_normal | G3: unknown | J3: =IFERROR(_xlfn.XLOOKUP(F3,'CTA Actions'!$A$2:$A$7,'CTA Actions'!$B$2:$B$7),"") -> 1|0
A4: TRUE | B4: =IF(F4="","",IF(F4="end","test_end",F4&"_"&COUNTIF($F$2:F4,F4))) -> shed_1 | C4: 0.00625 | D4: event | E4: =IF(F4="","",IF(F4="water_draw","water_draw",IF(F4="end","test","cta"))) -> cta | F4: shed | G4: unknown | J4: =IFERROR(_xlfn.XLOOKUP(F4,'CTA Actions'!$A$2:$A$7,'CTA Actions'!$B$2:$B$7),"") -> 2|4
A5: TRUE | B5: =IF(F5="","",IF(F5="end","test_end",F5&"_"&COUNTIF($F$2:F5,F5))) -> water_draw_1 | C5: 0.0083333333 | D5: event | E5: =IF(F5="","",IF(F5="water_draw","water_draw",IF(F5="end","test","cta"))) -> water_draw | F5: water_draw | J5: =IFERROR(_xlfn.XLOOKUP(F5,'CTA Actions'!$A$2:$A$7,'CTA Actions'!$B$2:$B$7),"") | K5: 9 | L5: 3
A6: TRUE | B6: =IF(F6="","",IF(F6="end","test_end",F6&"_"&COUNTIF($F$2:F6,F6))) -> run_normal_2 | C6: 0.011111111 | D6: recovery | E6: =IF(F6="","",IF(F6="water_draw","water_draw",IF(F6="end","test","cta"))) -> cta | F6: run_normal | G6: unknown | J6: =IFERROR(_xlfn.XLOOKUP(F6,'CTA Actions'!$A$2:$A$7,'CTA Actions'!$B$2:$B$7),"") -> 1|0
A7: TRUE | B7: =IF(F7="","",IF(F7="end","test_end",F7&"_"&COUNTIF($F$2:F7,F7))) -> critical_peak_1 | C7: 0.0125 | D7: event | E7: =IF(F7="","",IF(F7="water_draw","water_draw",IF(F7="end","test","cta"))) -> cta | F7: critical_peak | G7: unknown | J7: =IFERROR(_xlfn.XLOOKUP(F7,'CTA Actions'!$A$2:$A$7,'CTA Actions'!$B$2:$B$7),"") -> 2|4
A8: TRUE | B8: =IF(F8="","",IF(F8="end","test_end",F8&"_"&COUNTIF($F$2:F8,F8))) -> run_normal_3 | C8: 0.016666667 | D8: recovery | E8: =IF(F8="","",IF(F8="water_draw","water_draw",IF(F8="end","test","cta"))) -> cta | F8: run_normal | G8: unknown | J8: =IFERROR(_xlfn.XLOOKUP(F8,'CTA Actions'!$A$2:$A$7,'CTA Actions'!$B$2:$B$7),"") -> 1|0
A9: TRUE | B9: =IF(F9="","",IF(F9="end","test_end",F9&"_"&COUNTIF($F$2:F9,F9))) -> grid_emergency_1 | C9: 0.018055556 | D9: event | E9: =IF(F9="","",IF(F9="water_draw","water_draw",IF(F9="end","test","cta"))) -> cta | F9: grid_emergency | G9: unknown | J9: =IFERROR(_xlfn.XLOOKUP(F9,'CTA Actions'!$A$2:$A$7,'CTA Actions'!$B$2:$B$7),"") -> 2|4
A10: TRUE | B10: =IF(F10="","",IF(F10="end","test_end",F10&"_"&COUNTIF($F$2:F10,F10))) -> run_normal_4 | C10: 0.020833333 | D10: recovery | E10: =IF(F10="","",IF(F10="water_draw","water_draw",IF(F10="end","test","cta"))) -> cta | F10: run_normal | G10: unknown | J10: =IFERROR(_xlfn.XLOOKUP(F10,'CTA Actions'!$A$2:$A$7,'CTA Actions'!$B$2:$B$7),"") -> 1|0
A11: TRUE | B11: =IF(F11="","",IF(F11="end","test_end",F11&"_"&COUNTIF($F$2:F11,F11))) -> water_draw_2 | C11: 0.021527778 | D11: event | E11: =IF(F11="","",IF(F11="water_draw","water_draw",IF(F11="end","test","cta"))) -> water_draw | F11: water_draw | G11: unknown | J11: =IFERROR(_xlfn.XLOOKUP(F11,'CTA Actions'!$A$2:$A$7,'CTA Actions'!$B$2:$B$7),"") | K11: 6 | L11: 3
A12: TRUE | B12: =IF(F12="","",IF(F12="end","test_end",F12&"_"&COUNTIF($F$2:F12,F12))) -> advanced_load_up_1 | C12: 0.023611111 | D12: event | E12: =IF(F12="","",IF(F12="water_draw","water_draw",IF(F12="end","test","cta"))) -> cta | F12: advanced_load_up | G12: unknown | H12: 5 | I12: 100_wh | J12: =IFERROR(_xlfn.XLOOKUP(F12,'CTA Actions'!$A$2:$A$7,'CTA Actions'!$B$2:$B$7),"") -> 3|6
A13: TRUE | B13: =IF(F13="","",IF(F13="end","test_end",F13&"_"&COUNTIF($F$2:F13,F13))) -> run_normal_5 | C13: 0.027083333 | D13: recovery | E13: =IF(F13="","",IF(F13="water_draw","water_draw",IF(F13="end","test","cta"))) -> cta | F13: run_normal | G13: unknown | J13: =IFERROR(_xlfn.XLOOKUP(F13,'CTA Actions'!$A$2:$A$7,'CTA Actions'!$B$2:$B$7),"") -> 1|0
A14: TRUE | B14: =IF(F14="","",IF(F14="end","test_end",F14&"_"&COUNTIF($F$2:F14,F14))) -> test_end | C14: 0.027777778 | D14: recovery | E14: =IF(F14="","",IF(F14="water_draw","water_draw",IF(F14="end","test","cta"))) -> test | F14: end | J14: =IFERROR(_xlfn.XLOOKUP(F14,'CTA Actions'!$A$2:$A$7,'CTA Actions'!$B$2:$B$7),"")
B15: =IF(F15="","",IF(F15="end","test_end",F15&"_"&COUNTIF($F$2:F15,F15))) | E15: =IF(F15="","",IF(F15="water_draw","water_draw",IF(F15="end","test","cta"))) | J15: =IFERROR(_xlfn.XLOOKUP(F15,'CTA Actions'!$A$2:$A$7,'CTA Actions'!$B$2:$B$7),"")
B16: =IF(F16="","",IF(F16="end","test_end",F16&"_"&COUNTIF($F$2:F16,F16))) | E16: =IF(F16="","",IF(F16="water_draw","water_draw",IF(F16="end","test","cta"))) | J16: =IFERROR(_xlfn.XLOOKUP(F16,'CTA Actions'!$A$2:$A$7,'CTA Actions'!$B$2:$B$7),"")
B17: =IF(F17="","",IF(F17="end","test_end",F17&"_"&COUNTIF($F$2:F17,F17))) | E17: =IF(F17="","",IF(F17="water_draw","water_draw",IF(F17="end","test","cta"))) | J17: =IFERROR(_xlfn.XLOOKUP(F17,'CTA Actions'!$A$2:$A$7,'CTA Actions'!$B$2:$B$7),"")
B18: =IF(F18="","",IF(F18="end","test_end",F18&"_"&COUNTIF($F$2:F18,F18))) | E18: =IF(F18="","",IF(F18="water_draw","water_draw",IF(F18="end","test","cta"))) | J18: =IFERROR(_xlfn.XLOOKUP(F18,'CTA Actions'!$A$2:$A$7,'CTA Actions'!$B$2:$B$7),"")
B19: =IF(F19="","",IF(F19="end","test_end",F19&"_"&COUNTIF($F$2:F19,F19))) | E19: =IF(F19="","",IF(F19="water_draw","water_draw",IF(F19="end","test","cta"))) | J19: =IFERROR(_xlfn.XLOOKUP(F19,'CTA Actions'!$A$2:$A$7,'CTA Actions'!$B$2:$B$7),"")
B20: =IF(F20="","",IF(F20="end","test_end",F20&"_"&COUNTIF($F$2:F20,F20))) | E20: =IF(F20="","",IF(F20="water_draw","water_draw",IF(F20="end","test","cta"))) | J20: =IFERROR(_xlfn.XLOOKUP(F20,'CTA Actions'!$A$2:$A$7,'CTA Actions'!$B$2:$B$7),"")
B21: =IF(F21="","",IF(F21="end","test_end",F21&"_"&COUNTIF($F$2:F21,F21))) | E21: =IF(F21="","",IF(F21="water_draw","water_draw",IF(F21="end","test","cta"))) | J21: =IFERROR(_xlfn.XLOOKUP(F21,'CTA Actions'!$A$2:$A$7,'CTA Actions'!$B$2:$B$7),"")
B22: =IF(F22="","",IF(F22="end","test_end",F22&"_"&COUNTIF($F$2:F22,F22))) | E22: =IF(F22="","",IF(F22="water_draw","water_draw",IF(F22="end","test","cta"))) | J22: =IFERROR(_xlfn.XLOOKUP(F22,'CTA Actions'!$A$2:$A$7,'CTA Actions'!$B$2:$B$7),"")
B23: =IF(F23="","",IF(F23="end","test_end",F23&"_"&COUNTIF($F$2:F23,F23))) | E23: =IF(F23="","",IF(F23="water_draw","water_draw",IF(F23="end","test","cta"))) | J23: =IFERROR(_xlfn.XLOOKUP(F23,'CTA Actions'!$A$2:$A$7,'CTA Actions'!$B$2:$B$7),"")
B24: =IF(F24="","",IF(F24="end","test_end",F24&"_"&COUNTIF($F$2:F24,F24))) | E24: =IF(F24="","",IF(F24="water_draw","water_draw",IF(F24="end","test","cta"))) | J24: =IFERROR(_xlfn.XLOOKUP(F24,'CTA Actions'!$A$2:$A$7,'CTA Actions'!$B$2:$B$7),"")
B25: =IF(F25="","",IF(F25="end","test_end",F25&"_"&COUNTIF($F$2:F25,F25))) | E25: =IF(F25="","",IF(F25="water_draw","water_draw",IF(F25="end","test","cta"))) | J25: =IFERROR(_xlfn.XLOOKUP(F25,'CTA Actions'!$A$2:$A$7,'CTA Actions'!$B$2:$B$7),"")
B26: =IF(F26="","",IF(F26="end","test_end",F26&"_"&COUNTIF($F$2:F26,F26))) | E26: =IF(F26="","",IF(F26="water_draw","water_draw",IF(F26="end","test","cta"))) | J26: =IFERROR(_xlfn.XLOOKUP(F26,'CTA Actions'!$A$2:$A$7,'CTA Actions'!$B$2:$B$7),"")
... B336: =IF(F336="","",IF(F336="end","test_end",F336&"_"&COUNTIF($F$2:F336,F336))) | E336: =IF(F336="","",IF(F336="water_draw","water_draw",IF(F336="end","test","cta"))) | J336: =IFERROR(_xlfn.XLOOKUP(F336,'CTA Actions'!$A$2:$A$7,'CTA Actions'!$B$2:$B$7),"")

Sheet CTA Actions
A1: Event | B1: expected_operational_states
A2: advanced_load_up | B2: 3|6
A3: critical_peak | B3: 2|4
A4: grid_emergency | B4: 2|4
A5: load_up | B5: 3|6
A6: run_normal | B6: 1|0
A7: shed | B7: 2|4

Sheet Instructions
